Ground Truth,Predict
1.9,1.7646992206573486
1.3,1.38309907913208
0.3,0.3195991516113281
0.0,0.01769721508026123
1.0,1.1674600839614868
1.1,1.1428122520446777
1.4,1.393561840057373
0.5,0.48938146233558655
1.8,1.7353873252868652
1.2,1.2818045616149902
0.4,0.40413999557495117
1.7,1.6704468727111816
0.7,0.7231323719024658
0.6,0.6254552602767944
0.9,0.9052572250366211
0.2,0.20491446554660797
0.1,0.06570707261562347
1.6,1.585493803024292
0.8,0.7969878911972046
1.5,1.5312161445617676
